Title,Company,Location,Reward,Link
"백엔드 개발자 (Spring, Python, MSA)",페이타랩(패스오더),서울 · 한국,합격보상금 100만원,https://www.wanted.co.kr/wd/196993
백엔드 개발자 (Python/Django) - 서울,비프로컴퍼니(Bepro),서울 · 한국,합격보상금 100만원,https://www.wanted.co.kr/wd/200403
Python BackEnd Developer,에이젠글로벌,서울 · 한국,합격보상금 100만원,https://www.wanted.co.kr/wd/194076
[200억↑투자] 서버 엔지니어 (Python),페이히어,서울 · 한국,합격보상금 100만원,https://www.wanted.co.kr/wd/89571
Python 백엔드 개발자 (생성형AI 플랫폼 개발),디쉐어,서울 · 한국,합격보상금 100만원,https://www.wanted.co.kr/wd/156681
풀스택 웹 개발자 (Python/Django),웜블러드,서울 · 한국,합격보상금 100만원,https://www.wanted.co.kr/wd/142233
"[개발] SW엔지니어(API, Python)",아이알큐더스,서울 · 한국,합격보상금 100만원,https://www.wanted.co.kr/wd/189617
Python application & Algorithm 개발자,메디픽셀,서울 · 한국,합격보상금 100만원,https://www.wanted.co.kr/wd/190006
"백엔드 개발자 (Spring, Python, MSA)",페이타랩(패스오더),서울 · 한국,합격보상금 100만원,https://www.wanted.co.kr/wd/196993
백엔드 개발자 (Python/Django) - 서울,비프로컴퍼니(Bepro),서울 · 한국,합격보상금 100만원,https://www.wanted.co.kr/wd/200403
Python BackEnd Developer,에이젠글로벌,서울 · 한국,합격보상금 100만원,https://www.wanted.co.kr/wd/194076
[200억↑투자] 서버 엔지니어 (Python),페이히어,서울 · 한국,합격보상금 100만원,https://www.wanted.co.kr/wd/89571
Python 백엔드 개발자 (생성형AI 플랫폼 개발),디쉐어,서울 · 한국,합격보상금 100만원,https://www.wanted.co.kr/wd/156681
풀스택 웹 개발자 (Python/Django),웜블러드,서울 · 한국,합격보상금 100만원,https://www.wanted.co.kr/wd/142233
"[개발] SW엔지니어(API, Python)",아이알큐더스,서울 · 한국,합격보상금 100만원,https://www.wanted.co.kr/wd/189617
Python application & Algorithm 개발자,메디픽셀,서울 · 한국,합격보상금 100만원,https://www.wanted.co.kr/wd/190006
Python 트레이딩 플랫폼 엔지니어 for VegaX,콘스텔레이션코리아,서울 · 한국,합격보상금 100만원,https://www.wanted.co.kr/wd/193356
[200억↑투자] 서비스 API (Python/Django) 개발,놀이의발견,서울 · 한국,합격보상금 100만원,https://www.wanted.co.kr/wd/181923
"코박(Cobak) 백앤드 개발자[3년 이상] (Python, Django)",판도라티비,경기 · 한국,합격보상금 100만원,https://www.wanted.co.kr/wd/183789
"[전문연구요원 가능] C/C++, Python 로봇 제어 개발자 (신입)",메디인테크,서울 · 한국,합격보상금 100만원,https://www.wanted.co.kr/wd/147487
백엔드 엔지니어 (Python),엘리스,서울 · 한국,합격보상금 100만원,https://www.wanted.co.kr/wd/57878
Python 서버개발자,크로스이엔에프,서울 · 한국,합격보상금 100만원,https://www.wanted.co.kr/wd/153489
"Data Engineer (Python, SQL)",이랜드이노플,서울 · 한국,합격보상금 100만원,https://www.wanted.co.kr/wd/184348
Senior Backend Engineer - Python,트릿지,서울 · 한국,합격보상금 100만원,https://www.wanted.co.kr/wd/96146
[200억↑투자] 백엔드 개발자(Python),바로팜,서울 · 한국,합격보상금 100만원,https://www.wanted.co.kr/wd/66521
Back-end 개발 및 운영 (카카오i AI플랫폼/Python 기반),디케이테크인,경기 · 한국,합격보상금 100만원,https://www.wanted.co.kr/wd/201188
"[전문연구요원 가능] C/C++, Python 로봇 제어 개발자",메디인테크,서울 · 한국,합격보상금 100만원,https://www.wanted.co.kr/wd/100407
Frontend 및 Backend(python) 개발자,마인즈앤컴퍼니,서울 · 한국,합격보상금 100만원,https://www.wanted.co.kr/wd/156436
백엔드 Python Django 개발자 / 핀테크,얼리페이,서울 · 한국,합격보상금 100만원,https://www.wanted.co.kr/wd/165649
"C#, C++, Python, IoT MCU(아두이노,RPi) 개발자",아이티로그,서울 · 한국,합격보상금 100만원,https://www.wanted.co.kr/wd/187186
"백엔드 개발자(C#, Java, Python, Hack)",애딥랩,서울 · 한국,합격보상금 100만원,https://www.wanted.co.kr/wd/178948
백엔드 개발자 (Python/Rust),베링랩,서울 · 한국,합격보상금 100만원,https://www.wanted.co.kr/wd/175618
백엔드 개발자 (Python/Rust),베링랩,서울 · 한국,합격보상금 100만원,https://www.wanted.co.kr/wd/48226
Python Developer (Product),비바리퍼블리카(토스),서울 · 한국,합격보상금 100만원,https://www.wanted.co.kr/wd/172779
파이썬 개발자(Python developer),애크미랩,서울 · 한국,합격보상금 100만원,https://www.wanted.co.kr/wd/136526
"개발자 (JAVA,Python,AI,IoT,MLOps)",펀진,서울 · 한국,합격보상금 100만원,https://www.wanted.co.kr/wd/161900
Python Developer,사이버메드,서울 · 한국,합격보상금 100만원,https://www.wanted.co.kr/wd/148605
백엔드 엔지니어 (Python),아이네블루메(채티),서울 · 한국,합격보상금 100만원,https://www.wanted.co.kr/wd/60926
"웹개발자(Python, Django) 3년이상",리걸테크,서울 · 한국,합격보상금 100만원,https://www.wanted.co.kr/wd/148349
"백엔드(Python,Kotlin) 개발자 (1년 이상)",피플펀드컴퍼니(PeopleFundCompany),서울 · 한국,합격보상금 100만원,https://www.wanted.co.kr/wd/40457
백엔드 개발자 (Python) (주니어) / 산업기능요원 지원 가능,로앤굿,서울 · 한국,합격보상금 100만원,https://www.wanted.co.kr/wd/200376
백엔드 엔지니어 (Python),버핏서울,서울 · 한국,합격보상금 100만원,https://www.wanted.co.kr/wd/197592
"백엔드 개발자 (Spring, Python, MSA)",페이타랩(패스오더),서울 · 한국,합격보상금 100만원,https://www.wanted.co.kr/wd/45650
[신입] 백엔드 엔지니어 (Python),엘리스,서울 · 한국,합격보상금 100만원,https://www.wanted.co.kr/wd/162405
Python Django 기반 서버 개발,블리몽키즈,서울 · 한국,합격보상금 100만원,https://www.wanted.co.kr/wd/184372
B2C 백엔드 엔지니어(Python) - 크레딧플래닛,피플펀드컴퍼니(PeopleFundCompany),서울 · 한국,합격보상금 100만원,https://www.wanted.co.kr/wd/165354
Python 개발자,웨이브릿지,서울 · 한국,합격보상금 100만원,https://www.wanted.co.kr/wd/45002
Python 백엔드 개발자 (3년이상),엠몬스타,경기 · 한국,합격보상금 100만원,https://www.wanted.co.kr/wd/196490
Back-end Developer_Python (2년 이상),쏘마,경기 · 한국,합격보상금 100만원,https://www.wanted.co.kr/wd/198178
[100억↑투자] Software Developer(Python or Javascript),수퍼톤,서울 · 한국,합격보상금 100만원,https://www.wanted.co.kr/wd/166771
백엔드 엔지니어 (Python/Django),뮤즈라이브(Muzlive),서울 · 한국,합격보상금 100만원,https://www.wanted.co.kr/wd/18295
Python Backend Developer (Middle),바비톡,서울 · 한국,합격보상금 100만원,https://www.wanted.co.kr/wd/191624
"백엔드 개발자(Python, Django)",어터,경기 · 한국,합격보상금 100만원,https://www.wanted.co.kr/wd/173374
python 개발자 (3년 이상),자이온아이티에스,서울 · 한국,합격보상금 100만원,https://www.wanted.co.kr/wd/187131
Python Django 백엔드 개발자,똑똑한개발자,서울 · 한국,합격보상금 100만원,https://www.wanted.co.kr/wd/100997
오픈업 데이터 엔지니어 (Python),핀다(FINDA),서울 · 한국,합격보상금 100만원,https://www.wanted.co.kr/wd/180080
